Audi,A6,2016,2016
Audi,A4,2015,2015
Bmw,X5,2015,2015
Bmw,X6,2012,2012
Mercedes,S-Class,2016,2016
Maseratti,Quattroporte,2016,2016
Audi,A6,2016,45000
Audi,A4,2015,22000
Bmw,X5,2015,34000
Bmw,X6,2012,50000
Mercedes,S-Class,2016,80000
Maseratti,Quattroporte,2016,120000
Audi,A6,2016,45000
Audi,A4,2015,22000
Bmw,X5,2015,34000
Bmw,X6,2012,50000
Mercedes,S-Class,2016,80000
Maseratti,Quattroporte,2016,120000
Audi,A6,2016,45000
Audi,A4,2015,22000
Bmw,X5,2015,34000
Bmw,X6,2012,50000
Mercedes,S-Class,2016,80000
Maseratti,Quattroporte,2016,120000
Audi,A6,2016,45000
Audi,A4,2015,22000
Bmw,X5,2015,34000
Bmw,X6,2012,50000
Mercedes,S-Class,2016,80000
Maseratti,Quattroporte,2016,120000
Audi,A6,2016,45000
Audi,A4,2015,22000
Bmw,X5,2015,34000
Bmw,X6,2012,50000
Mercedes,S-Class,2016,80000
Maseratti,Quattroporte,2016,120000
Audi,A6,2016,45000
Audi,A4,2015,22000
Bmw,X5,2015,34000
Bmw,X6,2012,50000
Mercedes,S-Class,2016,80000
Maseratti,Quattroporte,2016,120000
